23andMe Inc.,34
"23 and Me, Inc. Mountain View",34
23andMe Inc,34
"23andMe Inc., 899 W. Evelyn Avenue",34
"23andMe Inc., Mountain View",34
"23andMe Inc., 899 W. Evelyn Avenue, Mountain View, California 94041, USA",34
23 and Me Inc.,34
"Institute of Molecular Genetics, Academy of Sciences of the Czech Republic",149
"Department of Plant Developmental Genetics, Institute of Biophysics, Academy of Sciences of the Czech Republic",149
"Institute of Organic Chemistry and Biochemistry, Academy of Sciences of the Czech Republic",149
"Department of Cell and Developmental Biology, Institute of Molecular Genetics, Academy of Sciences of the Czech Republic",149
"Institute of Macromolecular Chemistry, Academy of Sciences of the Czech Republic",149
"Department of Auditory Neuroscience, Institute of Experimental Medicine, Academy of Sciences of the Czech Republic",149
"Institute of Physics, ELI Beamlines, Academy of Sciences of the Czech Republic",149
"Microscopy Unit, Institute of Experimental Medicine, Academy of Sciences of the Czech Republic",149
"Institute of Animal Physiology and Genetics, Academy of Sciences of the Czech Republic",149
"Department of CD Spectroscopy of Nucleic Acids, Institute of Biophysics, Academy of Sciences of the Czech Republic",149
"Department of Cytokinetics, Institute of Biophysics, Academy of Sciences of the Czech Republic",149
"Institute of Microbiology, Academy of Sciences of the Czech Republic",149
"Institute of Organic Chemistry and Biochemistry, Academy of Sciences of the Czech Republic v.v.i.",149
"Department of Gene Expression, Institute of Molecular Biology and Biotechnology, Adam Mickiewicz University",182
"Laboratory of Genome Biology, Institute of Molecular Biology and Biotechnology, Adam Mickiewicz University",182
"Institute of Molecular Biology and Biotechnology, Adam Mickiewicz University",182
"Department of Behavioural Ecology, Adam Mickiewicz University",182
"Laboratory of Gene Therapy, Department of Gene Expression, Institute of Molecular Biology and Biotechnology, Faculty of Biology, Adam Mickiewicz University",182
"Department of Cell Biology, Adam Mickiewicz University",182
"Department of Cell Biology, Faculty of Biology, Adam Mickiewicz University",182
"Department of Computational Biology, Faculty of Biology, Adam Mickiewicz University",182
"Department of Macromolecular Physics, Adam Mickiewicz University",182
"NanoBioMedical Centre, Adam Mickiewicz University",182
"Department of Gene Expression, Institute of Molecular Biology and Biotechnology, Faculty of Biology, Adam Mickiewicz University in Poznan",182
"Department of Biology, Adam Mickiewicz University",182
"Department of Computational Biology, Institute of Molecular Biology and Biotechnology, Faculty of Biology, Adam Mickiewicz University",182
"Department of Systematic Zoology, Institute of Environmental Biology, Adam Mickiewicz University",182
"Division of Molecular Biophysics, Adam Mickiewicz University",182
"Evolutionary Biology Group, Faculty of Biology, Adam Mickiewicz University",182
"Laboratory of Criminalistics, Adam Mickiewicz University",182
"Department of Gene Expression, Institute of Molecular Biology and Biotechnology, Faculty of Biology, Adam Mickiewicz University",182
ATR Computational Neuroscience Laboratories,265
ATR Brain Information Communication Research Laboratory Group,265
ATR Cognitive Mechanisms Laboratories,265
"ATR Computational Neuroscience Laboratories, Kyoto 619-0288",265
"Institute of Molecular and Cell Biology, Agency for Science, Technology and Research (A*STAR)",312
Allen Institute,476
"Allen Institute, 615 Westlake Ave N",476
Allen Institute for Brain Science. Seattle,476
Allen Institute for Brain Science Seattle,476
"Undergraduate Students, Armed Forces College of Medicine",4382
"Biomedical Research Department, Armed Forces College of Medicine",4382
"Bioinformatics Department, Armed Forces College of Medicine (AFCM) Cairo",4382
ARC Centre of Excellence for Mathematical and Statistical Frontiers,764
Institute of Molecular Biotechnology of the Austrian Academy of Sciences (IMBA),167
"Geriatrics Research and Education Clinical Center, Baltimore Veterans Administration Medical Center",7735
"Department of Biotechnology, Bangabandhu Sheikh Mujibur Rahman Agricultural University",1490
Rotman Research Institute,10632
"Rotman Research Institute, Baycrest Health Sciences",10632
"Rotman Research Institute, Baycrest",10632
"Rotman Research Institute, Baycrest Centre",10632
Human Genome Sequencing Center,12
Cancer Research UK Beatson Institute,1077
BC Children's Hospital Research Institute,1506
"BC Children's Hospital Research Institute, Diabetes Research Group",1506
BC Children's Hospital Research,1506
BC Children's Hospital,1506
"Department of Emergency Medicine, Beth Israel Deaconess Medical Center",1520
Beth Israel Deaconess Medical Center,1520
"Department of Medicine, Beth Israel Deaconess Medical Center",1520
"Department of Psychiatry, Beth Israel Deaconess Medical Center",1520
"Department of Pathology, Beth Israel Deaconess Medical Center",1520
"Division of Endocrinology, Beth Israel Deaconess Medical Center",1520
"Division of Genetics, Department of Medicine, Beth Israel Deaconess Medical Center",1520
"Division of Hematology and Oncology, Department of Medicine, Beth Israel Deaconess Medical Center",1520
"Division of Pulmonary, Critical Care, and Sleep Medicine, Beth Israel Deaconess Medical Center",1520
"Department of Surgery, Beth Israel Deaconess Medical Center",1520
"Center for Healthcare Delivery Science, Beth Israel Deaconess Medical Center",1520
"Center for Virology and Vaccine Research, Beth Israel Deaconess Medical Center",1520
"Department of Medical Oncology, Beth Israel Deaconess Medical Center",1520
"Division of Clinical Pathology, Department of Pathology, Beth Israel Deaconess Medical Center",1520
"Center for Vascular Biology Research, Beth Israel Deaconess Medical Center",1520
"Department of Neurology, Beth Israel Deaconess Medical Center",1520
"Division of Endocrinology, Diabetes & Metabolism, Department of Medicine, Beth Israel Deaconess Medical Center",1520
"Division of Translational Research and Technology Innovation, Department of Medicine, Beth Israel Deaconess Medical Center",1520
"Division of Endocrinology, Metabolism, and Diabetes, Beth Israel Deaconness Medical Center",1520
Beth Israel Deaconess Medical Center Glycomics Core,1520
"Cancer Research Institute, Beth Israel Deaconess Cancer Center",1520
"Department of Neurology, Beth Israel Deaconess Hospital",1520
"Department of Neurosurgery, Beth Israel Deaconess Hospital",1520
"Cancer Research Institute, Beth Israel Deaconess Medical Center",1520
"Department of Sleep Medicine, Beth Israel Deaconess Medical Center",1520
"Division of Cardiovascular Medicine, Beth Israel Deaconess Medical Center",1520
"Division of Clinical Informatics, Beth Israel Deaconess Medical Center",1520
"Division of Clinical Informatics, Department of Medicine, Beth Israel Deaconess Medical Center",1520
"Division of Gastroenterology, Department of Medicine, Beth Israel Deaconess Medical Center",1520
"Division of Infectious Diseases, Beth Israel Deaconess Medical Center",1520
"Pathology Department, Beth Israel Deaconess Medical Center",1520
"Dept. of Anesthesia, Critical Care and Pain Medicine, Beth Israel Deaconess Medical Centre",1520
"Beth Israel Deaconess Medical Center, Boston",1520
"Beth Israel Deaconess Medical Center. Department of Medicine, Division of Endocrinology",1520
"Beth Israel Deaconess Medical Center, Division of Infectious Diseases",1520
"Beth Israel Deaconess Medical Center, National Center for Functional Glycomics",1520
Stanley Center for Psychiatric Research,1796
Stanley Center at the Broad,1796
Center for the Development of Therapeutics,1796
"British Columbia Cancer Agency, Genome Sciences Centre",1339
Michael Smith Genome Sciences Centre,1339
"Michael Smith Genome Sciences Centre, BC Cancer",1339
"BC Cancer, Genome Sciences Centre",1339
Michael Smith Genome Sciences Centre BC Cancer Agency,1339
"Michael Smith Genome Sciences Centre, British Columbia Cancer Agency",1339
"Michael Smith Genome Sciences Centre, British Columbia Cancer Research Centre",1339
"Institute of Biochemistry, Carleton University",1958
"Department of Biology & Institute of Biochemistry, Carleton University",1958
"Institute of Biochemistry and Department of Biology, Carleton University",1958
"Department of Biology and Institute of Biochemistry, Carleton University",1958
Center for the Neural Basis of Cognition,1968
Department of Biology II and Center for Integrated Protein Science Munich (CIPSM),1605
"Department of internal medicine, University Hospital of Nantes",2439
Centre de recherche du CHU Ste-Justine,1946
Sainte-Justine University Hospital Research Center,1946
"NSW Department of Primary Industries, Wagga Wagga Agricultural Institute",2577
"Institute of Animal Science, Chinese Academy of Agricultural Sciences",352
"Institute of Animal Science, Chinese Academy of Agricultural Science",352
"Institute of Animal Sciences, Chinese Academy of Agricultural Sciences",352
"State Key Laboratory for Biology of Plant Diseases and Insect Pests, Institute of Plant Protection, Chinese Academy of Agricultural Sciences",352
"Cattle Genetics and Breeding Team, Institute of Animal Science, Chinese Academy of Agricultural Science",352
"Department of Pesticides, Key Laboratory of Pesticide Chemistry and Application, State Key Laboratory for Biology of Plant Diseases and Insect Pests, Institute of Plant Protection, Chinese Academy of Agricultural Sciences",352
"Department of Plant Protection, Institute of Vegetables and Flowers, Chinese Academy of Agricultural Sciences",352
"Ministry of Agriculture Key Laboratory of Plant Nutrition and Fertilizer, Institute of Agricultural Resources and Regional Planning, Chinese Academy of Agricultural Sciences",352
"State Key Laboratory of Biology of Plant Diseases and Insect Pests, Institute of Plant Protection, Chinese Academy of Agricultural Sciences",352
"Institute of Plant Protection, Chinese Academy of Agricultural Sciences",352
"Institute of Vegetables and Flowers, Chinese Academy of Agricultural Sciences",352
"Department of Biotech, Institute of Vegetables and Flowers, Chinese Academy of Agricultural Sciences",352
"State Key Laboratory of Animal Nutrition, Institute of Animal Science, Chinese Academy of Agricultural Sciences",352
"Institute of Crop Science, Chinese Academy of Agricultural Sciences/National Key Facilities for Crop Gene Resource and Genetic Improvement",352
"Institute of Plant Protection, China Academy of Agricultural Sciences",352
"Institute of Agricultural Resources and Regional Planning, Chinese Academy of Agricultural Sciences",352
"State Key Laboratory for the Biology of Plant Diseases and Insect Pests, Institute of Plant Protection, Chinese Academy of Agricultural Sciences",352
"Institute of Food Science and Technology, Chinese Academy of Agricultural Sciences (CAAS)",352
"Department of Quantitative Health Sciences, Lerner Research Institute, Cleveland Clinic Foundation",2750
"Department of Neurosciences, Lerner Research Institute, Cleveland Clinic Foundation",2750
"Department of Neurosciences, Lerner Research Institute, Cleveland Clinic Cleveland",2750
"Lerner Research Institute, Cleveland Clinic Foundation",2750
"Center for Atrial Fibrillation, Section of Cardiac Pacing and Electrophysiology, Cleveland Clinic Foundation",2750
"Department of Neuroscience, Cleveland Clinic Foundation",2750
"Department of Translational Hematology and Oncology Research, Cleveland Clinic Foundation",2750
"Department of Cardiovascular & Metabolic Sciences, Lerner Research Institute, Cleveland Clinic Cleveland",2750
"Center for Microbiome and Human Health, Cleveland Clinic Foundation",2750
"Department of Inflammation and Immunity, Lerner Research Institute, Cleveland Clinic Foundation",2750
"Department of Ophthalmic Research, Cole Eye Institute, Cleveland Clinic Foundation",2750
"Department of Orthopaedic Surgery, Cleveland Clinic Foundation",2750
"Department of Pathology, Robert J. Tomsich Pathology and Laboratory Medicine Institute, Cleveland Clinic Foundation",2750
"Department of Radiation Oncology, Cleveland Clinic Foundation",2750
"Department of Stem Cell Biology and Regenerative Medicine, Cleveland Clinic Foundation",2750
"Departments of Urology and Immunology, Cleveland Clinic Foundation",2750
"Proteomics Core Facility, Lerner Research Institute, Cleveland Clinic Foundation",2750
"Research Core Services, Lerner Research Institute, Cleveland Clinic Foundation",2750
"Translational Hematology and Oncology Research, Cleveland Clinic Foundation",2750
Simons Center for Quantitative Biology,987
Mortimer B. Zuckerman Mind Brain Behavior Institute,279
New York State Psychiatric Institute,2945
"Center for Translational and Computational Neuroimmunology, Department of Neurology, Columbia University Medical Center",2945
"Columbia Center for Translational Immunology, Columbia University Medical Center",2945
"College of Physicians and Surgeons, Columbia University Medical Center",2945
"Center for Translational & Systems Neuroimmunology, Department of Neurology, Columbia University Medical Center",2945
Complete Genomics Inc.,2959
"Advanced Genomics Technology Lab, Complete Genomics Inc.",2959
"Advanced Genomics Technology Lab, Complete Genomics Inc",2959
Tri-Institutional Training Program in Computational Biology and Medicine,881
Cornell Lab of Ornithology,881
Counsyl Inc.,3036
Counsyl. 180 Kimball Way,3036
"Computational Biology Laboratory, Danish Cancer Society Research Center",2041
Danish Cancer Society Research Center,2041
"Redox Signaling and Oxidative Stress Group, Danish Cancer Society Research Center",2041
"Computational Biology Laboratory, and Center for Autophagy, Recycling and Disease, Danish Cancer Society Research Center",2041
"Cell Stress and Survival Unit, Danish Cancer Society Research Center",2041
"Genome Integrity Unit, Danish Cancer Society Research Center",2041
Duke Center for Genomic and Computational Biology,3728
The Earlham Institute Norwich Research Park,4772
Fred Hutchinson Cancer Research Institute,66
"Terrestrial Biofilms Group, Institute of Microbiology, Friedrich Schiller University Jena",1318
"Institute of Microbiology, Friedrich Schiller University Jena",1318
"Department of Applied and Ecological Microbiology, Institute of Microbiology, Friedrich Schiller University",1318
"Institute of Psychology, Friedrich Schiller University Jena",1318
"Department of Microbiology and Molecular Biology, Institute of Microbiology, Friedrich Schiller University Jena",1318
"Institute of Physical Chemistry and Abbe Center of Photonics, Friedrich-Schiller-University",1318
"Institute of Pharmacology and Toxicology, Jena University Hospital, Friedrich Schiller University Jena",1318
"Institute of Microbiology, Friedrich Schiller University",1318
"Institute of Physical Chemistry and Abbe Center of Photonics, Friedrich Schiller University",1318
"Institute of Zoology and Evolutionary Research, Friedrich Schiller University",1318
"Institute of Biochemistry and Biophysics, Friedrich Schiller University Jena",1318
"Institute of Human Genetics, Friedrich-Schiller University",1318
"Institute of Physical Chemistry, Friedrich-Schiller-University (FSU) Jena",1318
"Institute of Biochemistry and Biophysics, Friedrich-Schiller-University Jena",1318
"Institute of Psychology, Friedrich-Schiller-University of Jena",1318
Gamaleya National Research Center of Epidemiology and Microbiology,8610
Cancer Research Institute Ghent,1190
VIB Center for Medical Biotechnology,1190
Roddenberry Center for Stem Cell Biology and Medicine at Gladstone,4783
Gladstone Institute of Cardiovascular Disease,4783
J. David Gladstone Institutes,4783
"Institut für Medizinische Virologie, Klinikum der Goethe-Universität",711
Google Research,5321
Google Inc.,5321
Google Brain,5321
Google AI,5321
"Department of Laboratory Sciences, Gunma University Graduate School of Health Sciences",4234
"Institute of Life Sciences, The Hebrew University of Jerusalem",57
"Department of Genetics, The Institute of Life Sciences, The Hebrew University of Jerusalem",57
Zentrum für Molekulare Biologie der Universität Heidelberg (ZMBH),1213
Henry M. Jackson Foundation for the Advancement of Military Medicine,6992
"Centre National de Référence des Staphylocoques, Institut des Agents Infectieux",544
"Cell Biology Program, The Hospital for Sick Children",7362
Developmental and Stem Cell Biology Program and Arthur and Sonia Labatt Brain Tumour Research Centre,7362
Human Longevity Inc,4782
Human Longevity Inc.,4782
"Department of Biology, Humboldt University",328
"Institute of Biology, Cellular Biophysics, Humboldt Universität zu Berlin",328
"Institute of Biology, Humboldt Universität zu Berlin",328
"Berlin School of Mind and Brain & Mind and Brain Institute, Humboldt University",328
"Department of Computer Science, Humboldt University",328
"Institute of Biology, Department of Molecular Parasitology, Faculty of Life Sciences, Humboldt University",328
"Molecular Genetics Group, Institute of Biology, Humboldt University",328
"Institute of Biology, Experimental Biophysics, Humboldt University of Berlin",328
"Theoretical Biophysics, Institute of Biology, Humboldt-Universität zu Berlin",328
"Institute of Asian and African Studies, Humboldt University",328
"Institute of Biology, Humboldt University Berlin",328
"Institute of Biology, Humboldt-Universität zu Berlin",328
"Institute of Biology, Molecular Parasitology, Humboldt-Universität zu Berlin Philippstr",328
"Institute for Biology, Molecular Parasitology, Humboldt Universität",328
"Institute of Physics, Humboldt Universität Berlin",328
"Leibniz-Forschungsinstitut für Molekulare Pharmakologie, Berlin and Institute of Biology, Cellular Biophysics, Humboldt Universität zu Berlin",328
"Departments of Biology and Computer Science, Humboldt University",328
"Geography Department, Biogeography, Humboldt University",328
"Institute for Theoretical Biology, Humboldt University",328
"Institute of Biology, Department of Experimental Biophysics, Faculty of Life Sciences, Humboldt University",328
"Züchtungsbiologie und molekulare Tierzüchtung, Humboldt University",328
"IRI Life Sciences, Institute of Biology, Humboldt University Berlin",328
"Institute of Biology, Humboldt University of Berlin",328
"Institute of Archaeology, Research Centre for the Humanities, Hungarian Academy of Sciences",353
Biological Research Centre of the Hungarian Academy of Sciences,353
"Synthetic and Systems Biology Unit, Institute of Biochemistry, Biological Research Center",353
"Brain, Memory and Language Research Group, Institute of Cognitive Neuroscience and Psychology, Research Centre for Natural Sciences, Hungarian Academy of Sciences",353
"Synthetic and System Biology Unit, Institute of Biochemistry, Biological Research Centre of the Hungarian Academy of Sciences",353
"Synthetic and Systems Biology Unit, Institute of Biochemistry, Biological Research Centre of the Hungarian Academy of Sciences",353
"Institute of Biochemistry, Biological Research Centre of the Hungarian Academy of Sciences",353
"Laboratory of Archaeogenetics, Institute of Archaeology, Research Centre for the Humanities, Hungarian Academy of Sciences",353
"Institute of Genetics, Biological Research Centre of the Hungarian Academy of Sciences",353
"Synthetic and System Biology Unit, Biological Research Center of the Hungarian Academia of Sciences",353
"Institute of Plant Biology, Biological Research Centre",353
"Institute of Biochemistry, Biological Research Centre, Hungarian Academy of Sciences",353
"Institute of Biochemistry, Biological Research Centre",353
"Institute of Plant Biology, Biological Research Centre of the Hungarian Academy of Sciences",353
"Biological Research Centre of the Hungarian Academy of Sciences', '",353
"Institute of Plant Biology, Biological Research Center of the Hungarian Academy of Sciences",353
"Institute of Genetics, Biological Research Centre",353
"Synthetic and Systems Biology Unit, Institute of Biochemistry, Biological Research Centre",353
"Synthetic and Systems Biology Unit, Institute of Biochemistry, Biological Research Centre, Hungarian Academy of Sciences",353
"Department of Anthropology, Hungarian Natural History Museum Budapest",353
"Institute of Genetics, Biological Research Centre HAS",353
"institute of Genetics, Biological Research Centre of the Hungarian Academy of Sciences",353
"Sequencing Platform, Institute of Biochemistry, Biological Research Centre of the Hungarian Academy of Sciences",353
"MS Proteomics Research Group, Institute of Organic Chemistry, Research Centre for Natural Sciences, Hungarian Academy of Sciences",353
"Synthetic and Systems Biology Unit, Institute of Biochemistry, Hungarian Academy of Sciences",353
"Institute of Archaeology, Research Centre for the Humanities, Hungarian Academy of Science",353
"Institute of Cognitive Neuroscience and Psychology, Research Center for Natural Sciences, Hungarian Academy of Science",353
"Institute of Cognitive Neuroscience and Psychology, Hungarian Academy of Sciences Research Centre for Natural Sciences",353
"Biological Research Centre of the Hungarian Academy of Sciences, Hungary",353
Department of Pharmacological Sciences and Systems Biology Center New York,212
Precision Immunology Institute,212
Imperial College,302
IMT School for Advanced Studies Lucca,8850
"Molecular Mind Lab, IMT School for Advanced Studies Lucca",8850
"MoMiLab Research Unit, IMT School for Advanced Studies Lucca",8850
Melvin and Bren Simon Cancer Center,1229
"Biocenter, Division of Bioinformatics, Medical University of Innsbruck",3863
Gustave Roussy,3243
"Proteomics and Structural Biology Unit, CSIR-Institute of Genomics and Integrative Biology",3034
"Academy of Scientific and Innovative Research, CSIR-Institute of Genomics and Integrative Biology Campus",3034
"Genomics and Molecular Medicine Unit, CSIR-Institute of Genomics and Integrative Biology",3034
"Genomics and Molecular Medicine, CSIR-Institute of Genomics and Integrative Biology (CSIR -IGIB)",3034
"Chemical and Systems Biology Unit, CSIR-Institute of Genomics and Integrative Biology",3034
"Academy of Scientific and Innovative Research, CSIR-Institute of Genomics & Integrative Biology (IGIB)",3034
"Academy of Scientific & Innovative Research, CSIR-Institute of Genomics and Integrative Biology",3034
"Center of Excellence for Translational Research in Asthma and Lung Disease, CSIR-Institute of Genomics and Integrative Biology",3034
"G.N.R. Knowledge Centre for Genome Informatics, CSIR-Institute of Genomics and Integrative Biology",3034
"Imaging facility, CSIR-Institute of Genomics and Integrative Biology",3034
"Molecular Immunogenetics Laboratory and Centre of Excellence for Translational Research in Asthma & Lung disease, CSIR-Institute of Genomics and Integrative Biology",3034
"Proteomics and structural biology unit, CSIR-Institute of Genomics and Integrative Biology",3034
"Genomics and Molecular Medicine, CSIR-Institute of Genomics and Integrative Biology (CSIR-IGIB)",3034
CSIR-Institute of Microbial Technology,965
"Biology of Non-coding RNA Group, Institute of Molecular Biology",1536
"Laboratory of RNA Epigenetics, Institute of Molecular Biology (IMB)",1536
"Quantitative Proteomics, Institute of Molecular Biology (IMB)",1536
"State Key Laboratory on Molecular and Cellular Biology, Institute of Molecular Biology and Genetics",1536
"Bioinformatics Core Facility, Institute of Molecular Biology",1536
"Quantitative Proteomics Group, Institute of Molecular Biology",1536
"Department of Cell Signaling, Institute of Molecular Biology and Genetics",1536
"Genomic Views of Splicing Regulation Group, Institute of Molecular Biology",1536
"Genomic Views of Splicing Regulation, Institute of Molecular Biology",1536
"Genomics Core Facility, Institute of Molecular Biology",1536
"Maintenance of Genome Stability Group, Institute of Molecular Biology",1536
"RNA Epigenetics, Institute of Molecular Biology",1536
"Laboratory of Molecular Epigenetics, Institute of Molecular Biology (IMB)",1536
"Chromatin Biology and Epigenetics, Institute of Molecular Biology",1536
"Quantitative Proteomics, Institute of Molecular Biology",1536
"Bioinformatics core facility, Institute of Molecular Biology (IMB)",1536
"Biology of Non-coding RNA Group, Institute of Molecular Biology (IMB)",1536
"Microscopy Core Facility, Institute of Molecular Biology gGmbH (IMB)",1536
Institute for Science and Technology Austria (IST Austria),4774
IST Austria,4774
Janssen Pharmaceutica NV,5242
Solomon H. Snyder Department of Neuroscience,3604
"Division of Research, Kaiser Permanente Northern California",6350
"Psychiatry, Kaiser Permanente Northern California",6350
"Division of Pediatric Hematology/Oncology, Kaiser Permanente Central Bay",6350
"Department of Psychiatry, Kaiser Permanente Northern California",6350
"Division of Research and Autism Research Program, Kaiser Permanente Northern California",6350
"Division of Research, Kaiser Permanente of Northern California",6350
"Department of Research and Education, Kaiser Permanente Southern California",6350
"Department of Biological Sciences, Kent State University",4850
Centre for Stem Cells and Regenerative Medicine & Institute for Liver Studies,1608
Kyushu University Graduate School of Medical Sciences,2060
"Division of Vaccine Discovery, La Jolla Institute for Immunology",4842
"Division of Inflammation Biology, La Jolla Institute for Immunology",4842
"Division of Immune Regulation, La Jolla Institute for Immunology (LJI)",4842
"Division of Vaccine Discovery, La Jolla Institute for Allergy and Immunology 9420 Athena Circle La Jolla",4842
"Division of Inflammation Biology, La Jolla Institute Immunology",4842
"Flow Cytometry Core Facility, La Jolla Institute for Immunology",4842
"Division of Immune Regulation, La Jolla Institute for Immunology",4842
"Microscopy and Histology Core Facility, La Jolla Institute for Immunology",4842
"Microscopy Core Facility, La Jolla Institute for Immunology",4842
LanzaTech Inc.,9310
"Department of Biology and Ecology of Fishes, Leibniz-Institute of Freshwater Ecology and Inland Fisheries",3872
Leibniz Institute of Freshwater Ecology and Inland Fisheries,3872
"Department of Experimental Limnology, Leibniz-Institute of Freshwater Ecology and Inland Fisheries",3872
"Department of Ecohydrology, Leibniz-Institute of Freshwater Ecology and Inland Fisheries",3872
"Department of Ecophysiology and Aquaculture, Leibniz-Institute of Freshwater Ecology and Inland Fisheries",3872
"Department of Ecosystem Research, Leibniz-Institute of Freshwater Ecology and Inland Fisheries",3872
Limnological Institute SB RAS,5292
"Research Centre in Evolutionary Anthropology and Palaeoecology, School of Natural Sciences and Psychology, John Moores University",4821
"Vaccines and Immunity Theme, Medical Research Council Unit The Gambia at the London School of Hygiene and Tropical Medicine",537
"Vaccines and Immunity Theme, Medical Research Council Unit The Gambia at London School of Hygiene and Tropical Medicine",537
"WHO Collaborating Centre for New Vaccines Surveillance, Medical Research Council Unit The Gambia at The London School of Hygiene and Tropical Medicine",537
"Vaccines and Immunity theme, Medical research council unit the Gambia at the London school of Hygiene and Tropical medicine",537
Austrian Cluster for Tissue Regeneration,5296
"Max-Eder Research Group for Pediatric Sarcoma Biology, Institute of Pathology, Medical Faculty",209
"Institute of Computer Science, Martin Luther University Halle-Wittenberg",3854
"Institute of Biochemistry and Biotechnology, Martin Luther University Halle-Wittenberg",3854
"Institute of Biology, Martin Luther University Halle Wittenberg",3854
"Institute of Computer Science, Martin Luther University Halle‚ÄìWittenberg",3854
"Institute of Biochemistry and Biotechnology, Charles Tanford Protein Center, Martin Luther University Halle-Wittenberg",3854
"Institute of Computer Science, Martin-Luther University Halle-Wittenberg",3854
"Institute of Biology, Martin Luther University Halle-Wittenberg",3854
"Biozentrum, Martin Luther University Halle-Wittenberg",3854
"Institute of Biology, Department of Systematic Botany, Martin Luther University Halle-Wittenberg",3854
"Institute of Molecular Medicine, Section for Molecular Cell Biology, Faculty of Medicine, Martin Luther University Halle-Wittenberg",3854
"Institute of Biochemistry and Biotechnology, Department of Enzymology, Martin-Luther-University Halle-Wittenberg",3854
"Institute of Biology, Martin Luther University",3854
"Geobotany and Botanical Garden, Institute of Biology, Martin Luther University Halle-Wittenberg",3854
"Institute of Biology, Martin Luther University of Halle-Wittenberg",3854
"Institute of Computer Science, Martin Luther Universtity Halle-Wittenberg",3854
"Institute of Biology, Molecular Ecology, Martin-Luther University Halle-Wittenberg",3854
"Institute of Biology, Martin-Luther-Universität Halle-Wittenberg",3854
"Institute of Biochemistry and Biotechnology, Martin-Luther-University",3854
"Institute of Biology, Martin-Luther-University Halle-Wittenberg",3854
"Institute of Chemistry, Martin-Luther-University Halle-Wittenberg",3854
"Institute of Molecular Medicine, Martin-Luther-University Halle-Wittenberg",3854
"Julius-Bernstein-Institute of Physiology, Martin-Luther-University Halle-Wittenberg",3854
"Laboratory for Molecular Medicine, Partners Healthcare Personalized Medicine",175
Computer Science and Artificial Intelligence Laboratory,175
Athinoula A. Martinos Center for Biomedical Imaging,175
Massachusetts Institute of Technology Lincoln Laboratory,175
"Laboratory for Molecular Medicine, Partners HealthCare Personalized Medicine",175
"Athinoula A. Martinos Center for Biomedical Imaging, Department of Radiology",175
"Athinoula A. Martinos Center for Biomedical Imaging, Charlestown MA",175
"Athinoula A. Martinos Center, Department of Radiology",175
Athinoula A. Martinos Center,175
Maurice Wilkins Centre for Molecular Biodiscovery,10433
"Department of Neurogenetics, Max Planck Institute of Experimental Medicine",2769
Medical Research Council Laboratory of Molecular Biology,4656
Medical Research Council Cognition and Brain Sciences Unit,4656
Medical Research Council Integrative Epidemiology Unit at the University of Bristol,4656
Medical Research Council Unit The Gambia at the London School of Hygiene and Tropical Medicine,5003
"Developmental Biology Program, Sloan Kettering Institute",214
"Molecular Pharmacology Program, Sloan Kettering Institute",214
"Department of Agriculture and Biotechnology, Moi University",4459
"Department of Biological Sciences., Moi University",4459
"McConnell Brain Imaging Centre, Montreal Neurological Institute",6633
"McGill Program in Neuroengineering, Department of Neurology and Neurosurgery, Montreal Neurological Institute",6633
"McGill Centre for Integrative Neuroscience, Montreal Neurological Institute",6633
"Department of Neurology and Neurosurgery, Montreal Neurological Institute",6633
"McGill Centre for Integrative Neuroscience, Ludmer Centre, Montreal Neurological Institute",6633
"Department of Neurology, Montreal Neurological Institute",6633
"Thoracic and Gastrointestinal Oncology Branch, Center for Cancer Research",988
"Pediatric Oncology Branch, Center for Cancer Research",988
"CCR Collaborative Bioinformatics Resource (CCBR), Center for Cancer Research",988
"Confocal Microscopy Core Facility, Center for Cancer Research",988
"Developmental Therapeutics Branch and Laboratory of Molecular Pharmacology, Center for Cancer Research",988
"Genetics Branch, Center for Cancer Research",988
"Institute of Primate Research, National Museums of Kenya",6211
"Istituto di Ricerca Genetica e Biomedica, Consiglio Nazionale delle Ricerche (CNR)",2807
"Institute of Molecular Bioimaging and Physiology, Consiglio Nazionale delle Ricerche",2807
"Istituto di Ricerca Genetica e Biomedica, Consiglio Nazionale delle Ricerche",2807
"Institute of Biophysics, Consiglio Nazionale delle Ricerche",2807
"Istituto di Ricerca Genetica e Biomedica (IRGB), Consiglio Nazionale delle Ricerche",2807
"Department of Health Sciences, University of Leicester Istituto di Ricerca Genetica e Biomedica, Consiglio Nazionale delle Ricerche (CNR)",2807
"Biomedical & Molecular Imaging Center, National Taiwan University College of Medicine",1277
"Graduate Institute of Brain and Mind Sciences, National Taiwan University College of Medicine",1277
"Graduate Institute of Medical Genomics and Proteomics, National Taiwan University College of Medicine",1277
"Department of Clinical Laboratory Sciences and Medical Biotechnology, National Taiwan University College of Medicine",1277
"Department of Medicine, National Taiwan University College of Medicine",1277
"Department of Biochemical Science and Technology, National Taiwan University No. 1",1277
"Department of Psychiatry, National Taiwan University College of Medicine",1277
"Institute of Medical Device and Imaging, National Taiwan University College of Medicine",1277
"Institute of Biochemistry and Molecular Biology, National Taiwan University Medical College",1277
"Institute of Biochemistry and Molecular Biology, National Taiwan University College of Medicine",1277
Mechanobiology Institute,1
New York University Abu Dhabi,5019
"Comprehensive Epilepsy Center, New York University School of Medicine",713
"Applied Bioinformatics Laboratories, New York University School of Medicine",713
"Center for Human Genetics and Genomics, New York University School of Medicine",713
"Applied Bioinformatics Center, Office of Collaborative Science, New York University School of Medicine",713
"Applied Bioinformatics Laboratories Department of Cell Biology, New York University School of Medicine",713
"Department of Biochemistry and Pharmacology, New York University School of Medicine",713
"School of Medicine and Public Health, Faculty of Medicine and Health, The University of Newcastle",1538
"Faculty of Medicine and Public Health, University of Newcastle",1538
"Centre for Bacterial Cell Biology, Institute for Cell and Molecular Biosciences, University of Newcastle, Newcastle upon Tyne",1538
"Bioinformatics Support Unit, Newcastle University, Newcastle-upon-Tyne",1538
"Bioinformatics Support Unit, University of Newcastle",1538
"Institute of Health and Society, University of Newcastle",1538
"Centre for Bacterial Cell Biology, Institute for Cell and Molecular Biosciences, Newcastle University",1538
"Bioinformatics Support Unit, Faculty of Medical Sciences, Newcastle University",1538
"Bioinformatics Support Unit, Newcastle University",1538
"Centre for Bacterial Cell Biology, Newcastle University",1538
"Centre for Bacterial Cell Biology, Institute for Cell and Molecular Biosciences, Medical Faculty, Newcastle University",1538
"Biostatistics Research Group, Institute of Health and Society, Newcastle University",1538
"Northern Genetics Service, Newcastle upon Tyne Hospitals NHS Foundation Trust, Institute of Human Genetics, International Centre for Life",3817
"Pathology department and Northern Genetics Service, Newcastle Hospitals",3817
Novo Nordisk Foundation Center for Biosustainability,6998
"Department of Oral and Molecular Microbiology, Osaka University Graduate School of Dentistry",1352
"Department of Cardiovascular Surgery, Osaka University Graduate School of Medicine",1352
"The Institute of Experimental Animal Sciences, Osaka University Graduate School of Medicine",1352
"Department of Statistical Genetics, Osaka University Graduate School of Medicine",1352
"Department of Psychiatry, Osaka University Graduate School of Medicine",1352
"Department of Cardiovascular Medicine, Osaka University Graduate School of Medicine",1352
"Department of Biomedical Informatics, Osaka University Graduate School of Medicine",1352
"Department of Oral-facial Disorders, Osaka University Graduate School of Dentistry",1352
"Department of Pediatric Dentistry, Osaka University Graduate School of Dentistry",1352
"Department of Virology, Center for Infectious Disease Control, Research Institute for Microbial Diseases, Osaka University",1352
"Department of Fixed Prosthodontics, Osaka University Graduate School of Dentistry",1352
"Department of Frontier Science for Cancer and Chemotherapy, Osaka University Graduate School of Medicine",1352
"Department of Functional Diagnostic Science, Osaka University Graduate School of Medicine",1352
"Department of Medical Data Science, Osaka University Graduate School of Medicine",1352
"Department of Neurology, Osaka University Graduate School of Medicine",1352
"Department of Stem Cell Therapy Science, Osaka University Graduate School of Medicine",1352
"Institute for Protein research, Osaka University Yamadaoka 3-2",1352
"Laboratório de Flavivírus, Instituto Oswaldo Cruz",317
"Laboratório de Biologia Molecular de Flavivírus, Instituto Oswaldo Cruz",317
"Viral Immunology Laboratory, Oswaldo Cruz Institute",317
"Laboratório de Mosquitos Transmissores de Hematozoários, Instituto Oswaldo Cruz",317
"Laboratório de Flavivírus, Instituto Oswaldo Cruz Fiocruz",317
"Instituto Leônidas & Maria Deane ‚Äê ILMD, Fiocruz",317
Laboratório de Hanseníase. Instituto Oswaldo Cruz. Fiocruz,317
"Centro de Pesquisa, Diagnóstico e Treinamento em Malária, Instituto Oswaldo Cruz",317
Instituto Oswaldo Cruz,317
"Laboratório de Biologia Estrutural, Instituto Oswaldo Cruz",317
"Programa de Pós-Graduação em Biologia Celular e Molecular, Instituto Oswaldo Cruz, Fiocruz",317
"Laboratório de Genômica Funcional e Bioinformática, Instituto Oswaldo Cruz",317
"Laboratório de Patologia, Instituto Oswaldo Cruz",317
"Computational and Systems Biology Laboratory, Oswaldo Cruz Institute",317
"Laboratory of Cellular Microbiology, Oswaldo Cruz Institute",317
"Laboratory of Molecular Genetics of Microrganisms, Oswaldo Cruz Institute/Fiocruz",317
"Fundação Instituto Oswaldo Cruz, Vice-presidência de Pesquisa e Laboratórios de Referência",317
"Instituto Leônidas e Maria Deane, Fiocruz",317
"Laboratório de Imunomodulação e Protozoologia, Instituto Oswaldo Cruz, Fiocruz",317
"Fiocruz, Instituto Oswaldo Cruz",317
"Laboratório de Biologia Molecular de Insetos, Instituto Oswaldo Cruz",317
"Laboratório de Doenças Parasitárias, Instituto Oswaldo Cruz",317
"Laboratório de Genética Molecular de Microorganismos, Instituto Oswaldo Cruz",317
"Laboratório de Inovação em Terapias, Ensino e Bioprodutos, Instituto Oswaldo Cruz",317
"Laboratório de Pesquisa em Leishmaniose, Instituto Oswaldo Cruz",317
"Laboratório de Pesquisa em Malária, Instituto Oswaldo Cruz",317
"Laboratório Doenças Parasitárias, Instituto Oswaldo Cruz - Fiocruz",317
"Laboratório de Malacologia, Instituto Oswaldo Cruz/Fiocruz",317
"Flavivirus Laboratory, Oswaldo Cruz Institute",317
"Postgraduate Program in Tropical Medicine, Oswaldo Cruz Institute (Fiocruz)",317
"Laboratory of Toxoplasmosis and other Protozooses, Oswaldo Cruz Institute Foundation",317
"Laboratory of Immunoparasitology, Oswaldo Cruz Institute/Fiocruz",317
Institute Oswaldo Cruz-Fiocruz'],317
National Institute for Health Research Oxford Biomedical Research Centre,9538
Pacific Biosciences of California,4799
Pacific Northwest Research Institute,8283
"Key Laboratory of Mental Health, Ministry of Health, Peking University",141
"Key Laboratory of Mental Health, Ministry of Health & National Clinical Research Center for Mental Disorders (Peking University)",141
"Department of Molecular and Cellular Pharmacology, Peking University School of Pharmaceutical Sciences",141
"National Clinical Research Center for Mental Disorders & Key Laboratory of Mental Health, Ministry of Health (Peking University), Peking University Sixth Hospital (Institute of Mental Health)",141
"State Key Laboratory of Membrane Biology, Peking University School of Life Sciences",141
"Key Laboratory of Medical Immunology, Ministry of Health, Department of Immunology, School of Basic Medical Sciences, Peking University Health Science Center",141
"State Key Laboratory of Natural and Biomimetic Drugs; Department of Molecular and Cellular Pharmacology, Peking University School of Pharmaceutical Sciences",141
"Department of Pathology, Penn State College of Medicine",474
"Department of Biochemistry, Institute for Personalized Medicine, Penn State College of Medicine",474
"Department of Cellular and Molecular Physiology, Penn State College of Medicine",474
"Department of Dermatology, Penn State College of Medicine",474
"Department of Obstetrics and Gynecology, Penn State College of Medicine",474
"Medical Scientist Training Program, Penn State College of Medicine",474
"Psychology, Milton S. Hershey Medical Center, Penn State College of Medicine",474
"Department of Anesthesiology, Penn State College of Medicine",474
"Departments of Pharmacology and Biochemistry & Molecular Biology, Penn State College of Medicine",474
"Institute for Personalized Medicine, Departments of Biochemistry and Molecular Biology and Pharmacology, Penn State College of Medicine",474
"Institute of Personalized Medicine, Penn State College of Medicine",474
"MSTP Program, Penn State College of Medicine",474
"Neural & Behavioral Sciences, Milton S. Hershey Medical Center, Penn State College of Medicine",474
"Neural Behavioral Sciences, Medical Center, Penn State College of Medicine",474
"Department of Neural and Behavioral Sciences, Penn State College of Medicine",474
"Department of Public Health Sciences, Penn State College of Medicine",474
"Department of Cellular & Molecular Physiology, Penn State College of Medicine",474
"Division of Experimental Pathology, Department of Pathology, Penn State College of Medicine",474
"Department of Pharmacology, Penn State College of Medicine",474
"Department of Biochemistry and Molecular Biology, Penn State College of Medicine",474
"Department of Neurosurgery, Penn State College of Medicine",474
"Department of Pediatrics, Penn State College of Medicine",474
Penn State University,474
"Center for Mind, Brain and Behavior (CMBB), Philipps-University Marburg and Justus-Liebig University Giessen",2999
"Institute of Virology, Philipps University Marburg",2999
Princess Máxima Center for Pediatric Oncology,8208
Purdue Institute for Integrative Neuroscience,1537
"Institute of Health and Biomedical Innovation, Queensland University of Technology",3881
"Comparative and Endocrine Biology Laboratory, Translational Research Institute - Institute of Health and Biomedical Innovation, Queensland University of Technology",3881
"Australian Centre for Health Services Innovation, Institute of Health and Biomedical Innovation, Queensland University of Technology",3881
"Institute of Health and Biomedical Innovation, Queensland University of Technology (QUT)",3881
"ARC Center of Excellence in Mathematical and Statistical Frontiers, Queensland University of Technology",3881
"Australian Prostate Cancer Research Centre-Qld, Institute of Health and Biomedical Innovation and School of Biomedical Science, Queensland University of Technology",3881
"Faculty of Health, Institute of Health and Biomedical Innovation, Queensland University of Technology",3881
"Genomics Research Center, Institute of Health and Biomedical Innovation, Queensland University of Technology",3881
"Genomics Research Centre, Institute of Health and Biomedical Innovation, School of Biomedical Sciences, Queensland University of Technology",3881
"Institute of Health and Biomedical Innovation and School of Biomedical Science, Queensland University of Technology",3881
"Institute of Health and Biomedical Innovation, Faculty of Health, Queensland University of Technology",3881
"School of Biomedical Sciences, Faculty of Health, Institute of Health and Biomedical Innovation, Queensland University of Technology",3881
"Translational Genomics Group, Institute of Health and Biomedical Innovation at Translational Research Institute, Queensland University of Technology",3881
"ARC Centre of Excellence for Mathematical and Statistical Frontiers, QUT",3881
"ARC CoE for Mathematical and Statistical Frontiers, School of Mathematical Sciences, Queensland University of Technology",3881
"Australian Centre for Health Services Innovation, Queensland University of Technology",3881
"Australian Prostate Cancer Research Centre - Queensland, Translational Research Institute - Institute of Health and Biomedical Innovation, Queensland University of Technology",3881
"Institute of Health & Biomedical Innovation, Queensland University of Technology",3881
"Institute of Health and Biomedical Innovation and School of Biomedical Sciences, Queensland University of Technology",3881
"Institute of Health and Biomedical Innovation, School of Biomedical Sciences, Faculty of Health, Queensland University of Technology",3881
"Institute of Health and Biomedical Innovation, School of Biomedical Sciences, Queensland University of Technology",3881
"School of Chemistry, Physics and Mechanical Engineering (CPME), Science and Engineering Faculty (SEF), Institute of Health and Biomedical Innovation (IHBI), Queensland University of Technology (QUT)",3881
"Institute of Health & Biomedical Innovation, Faculty of Health, Queensland University Technology",3881
"Australian Prostate Cancer BioResource, Institute of Health and Biomedical Innovation and School of Biomedical Science, Queensland University of Technology",3881
"Genomics Research Centre, Institute of Health and Biomedical Innovation, Queensland University of Technology",3881
"School of Psychology and Counselling, Faculty of Health, Institute of Health and Biomedical Innovation, Queensland University of Technology",3881
"Statistical and Genomic Epidemiology Laboratory, Institute of Health and Biomedical Innovation, Queensland University of Technology",3881
"Translational Genomics Group, Institute of Health and Biomedical Innovation, School of Biomedical Sciences, Queensland University of Technology (QUT) at Translational Research Institute",3881
"Institute of Health and Biomedical Innovation, QUT",3881
"Department of Cognitive Neuroscience, Radboud university medical center",1097
"Department of Medical Microbiology, Radboud university medical center",1097
"Department of Psychiatry, Radboud university medical center",1097
"Department of Pharmacy, Radboud Institute for Health Sciences, Radboud university medical center",1097
"Department of Radiology and Nuclear Medicine, Radboud university medical center",1097
"Department of Medical Microbiology, Radboud Center of Infectious Diseases",1097
"Department of Cognitive Neuroscience, Radboud university",1097
"Department for Health Evidence, Radboud university medical center",1097
"Department of Internal Medicine, Radboud Institute for Health Sciences, Radboud university medical center",1097
"Dept. of Psychiatry, Radboud university medical center",1097
"Radboud Expertise Center for Q Fever, Department of Internal Medicine, Radboud university medical center",1097
"Department of Human Genetics, Radboud university medical centre",1097
"Department of Human Genetics, Radboud university medical center",1097
Roche Sequencing Solutions,4884
Pharma Research & Early Development (pRED). Roche Innovation Center Basel,4884
"Cardiovascular Research Centre at Royal Brompton and Harefield NHS Foundation Trust, London",4965
"Shemyakin-Ovchinnikov Institute of Bioorganic Chemistry, Russian Academy of Sciences",83
"Institute of Molecular Genetics, Russian Academy of Sciences",83
"Institute of Gene Biology, Russian Academy of Sciences",83
"Institute of Higher Nervous Activity and Neurophysiology, Russian Academy of Sciences",83
"Institute of Cytology, Russian Academy of Sciences",83
"Department of Biological Sciences, Rutgers University",1085
"Department of Biological Sciences, San José State University",3818
Scripps Translational Science Institute,2031
"Department of Integrative Structural and Computational Biology, Scripps Research",2031
Scripps Research Translational Institute,2031
Seattle Children's Research Institute,4858
Institute of Cytology and Genetics SB RAS,4711
"Institute of Animal Genetics and Breeding, College of Animal Science and Technology, Sichuan Agricultural University",2859
"Sorbonne Université, CNRS, Integrative Biology of Marine Models (LBI2M), Station Biologique de Roscoff",690
"INSERM UMRS1166, ICAN - Institute of CardioMetabolism and Nutrition, Sorbonne Université",690
"Sorbonne Université, CNRS, Algal Genetics Group, Integrative Biology of Marine Models (LBI2M)",690
"Sorbonne Université, CNRS, Integrative Biology of Marine Models (LBI2M)",690
"GRC Déficience Intellectuelle et Autisme, Sorbonne University",690
"Integrative Biology of Marine Organisms (BIOM), Sorbonne University, CNRS, Oceanological Observatory of Banyuls",690
Department of Developmental biology. Institute of Biology of Paris Seine (IBPS). Sorbonne University,690
"Department of Biology, Southern University of Science and Technology",3498
"Centro de Investigaciones Biológicas, Consejo Superior de Investigaciones Científicas (CSIC)",2043
"Department of Marine Biology and Oceanography, Instituto de Ciencias del Mar, Consejo Superior de Investigaciones Científicas",2043
"Instituto de Bioquímica Vegetal y Fotosíntesis, Consejo Superior de Investigaciones Científicas (CSIC)‚ÄîUniversidad de Sevilla; Avda",2043
"Instituto de Bioquímica Vegetal y Fotosíntesis, Consejo Superior de Investigaciones Científicas and Universidad de Sevilla",2043
St Vincent's Clinical School,7288
"St Vincent's Clinical School, Faculty of Medicine",7288
"Cell Biology Division, Stanford Cancer Institute",453
Stanford Center for Undiagnosed Diseases,453
Stanford Cardiovascular Institute,3659
Steno Diabetes Center Copenhagen,7890
"Department of Plant Biology, Uppsala BioCenter, Swedish University of Agricultural Sciences and Linnean Center for Plant Biology",816
Teagasc Food Research Centre,7325
"School of Chemistry, Center for Nanoscience and Nanotechnology, Center for Light-Matter Interaction, Raymond and Beverly Sackler Faculty of Exact Sciences, Tel Aviv University",22
"Department of Biological Sciences, Texas Tech University",7451
"Department of Psychological Sciences, Texas Tech University",7451
"Department of Biological Science, Texas Tech University",7451
"Department of Surgery, College of Medicine; Davis Heart and Lung Research Institute, Wexner Medical Center. The Ohio State University",1223
"Department of Surgery and Department of Physiology & Cell Biology, College of Medicine; Davis Heart and Lung Research Institute, Wexner Medical Center. The Ohio State University",1223
"Department of Biochemistry and Molecular Biology, McGovern Medical School at UTHealth",1804
"Department of Pathology and Laboratory Medicine, McGovern Medical School",1804
"Department of Neurobiology and Anatomy, McGovern Medical School at UTHealth",1804
"Vivian L. Smith Department of Neurosurgery, McGovern Medical School",1804
"Department of Integrative Biology and Pharmacology, McGovern Medical School",1804
"Department of Pediatrics, McGovern Medical School and School of Dentistry UT Health at Houston",1804
"Department of Internal Medicine, Division of Cardiology, McGovern Medical School at UTHealth",1804
"Department of Brain & Cognitive Sciences, McGovern Institute for Brain Research",1804
"Department of Neurobiology & Anatomy, McGovern Medical School at UTHealth",1804
MD Anderson Cancer Center,11
Tianjin Medical Laboratory,2852
"Department of Biological Sciences, Towson University",5435
UCL Institute of Ophthalmology,88
"Centre for Clinical Pharmacology, Division of Medicine, University College of London",88
Gatsby Computational Neuroscience Unit,88
"Molecular Nociception Group, Wolfson Institute for Biomedical Research",88
Molecular Medicine Partnership Unit (MMPU),3257
"Department of Biological Sciences, University of Alabama",3377
Centre for Research in Agricultural Genomics (CRAG) CSIC-IRTA-UAB-UB,672
"Group of Psychiatric Neuroscience, Department of Basic Medical Science, Neuroscience and Sense Organs, Aldo Moro University",1419
"Institute of Biochemistry and Molecular Medicine, University of Bern",744
Centre for Molecular Medicine and Therapeutics,1061
The University of British Columbia Centre for Heart Lung Innovation,1061
Innovative Genomics Institute,19
Novartis-Berkeley Center for Proteomics and Chemistry Technologies,19
Department of Microbiology and Molecular Genetics One Shields Avenue UC Davis Davis,600
Center for Complex Biological Systems,2105
The Eli and Edythe Broad Center of Regeneration Medicine and Stem Cell Research,974
"Instituto de Biomedicina y Biotecnología de Cantabria (IBBTEC), Universidad de Cantabria-CSIC, and Department of Molecular Biology, Universidad de Cantabria",76
"Ben May Department for Cancer Research, University of Chicago",50
UChicago Research Bangladesh,50
"Ben May Department for Cancer Research, The University of Chicago",50
"Ben May Department for Cancer Research, the University of Chicago",50
"Ben May Department of Cancer Research, University of Chicago",50
"Department of Neuroscience, Imaging, and Clinical Sciences, University G. d'Annunzio of Chieti-Pescara",4295
"Department of Genetics and Genome Sciences, Institute for Systems Genomics",454
"Marine Biological Section, Department of Biology, University of Copenhagen",782
"Department of Biological Sciences, University of Denver",3753
"Institute of Immunology, Medical Faculty, University of Duisburg-Essen",706
Centre for Cognitive Ageing and Cognitive Epidemiology,56
The Clinical Hospital of Chengdu Brain Science Institute,4802
"Institute of Physical Chemistry, Göttingen University",272
", Göttingen",272
"Institut für Röntgenphysik, Göttingen",272
"International Max Planck Research School for Molecular Biology, Göttingen",272
"International Max Planck Research School for Neurosciences, Göttingen",272
"Institute of Microbiology and Molecular Biology, University of Giessen",113
"Department of Human Nutrition, Institute of Public Health, College of Medicine and Health Sciences, University of Gondar",2766
"Department of Marine Sciences, University of Gothenburg",1546
"Molecular Genetics Group, Groningen Biomolecular Sciences and Biotechnology Institute, Centre for Synthetic Biology, University of Groningen",779
"Marine Evolution and Conservation, Groningen Institute of Evolutionary Life Sciences, University of Groningen",779
"Department of Biological and Marine Sciences, University of Hull",4458
"Department of Virology, College of Medicine, University of Ibadan",2924
"Department of Plant Biology, University of Illinois",1079
"Department of Psychiatry, University of Iowa Carver College of Medicine",95
"Department of Anatomy and Cell Biology, University of Kansas Medical Center",3653
"Department of Biochemistry and Molecular Biology, University of Kansas Medical Center",3653
"Univ. Lille, CNRS, INSERM, CHU Lille, Institut Pasteur de Lille, U1019 - UMR 8204 - CIIL - Center for Infection and Immunity of Lille",2697
"University of Lille, CNRS, INSERM, CHU Lille, Pasteur Institute of Lille, U1019-UMR 8204-CIIL-Center for Infection and Immunity of Lille",2697
Department of Crop and Forest Sciences-AGROTECNIO Center,3183
Luxembourg Centre for Systems Biomedicine,43
RNA Therapeutics Institute,1209
Michigan Center for Integrative Research in Critical Care,8
ICVS/3B's - PT Government Associate Laboratory,2019
Institut de Biologie Computationnelle,2019
"BioTechnology Institute, University of Minnesota",124
"Department of Plant Biology, University of Minnesota",124
"Biotechnology Institute, University of Minnesota",124
Biotechnology Institute,124
"BioTechnology Institute, University of Minnesota ‚Äì Twin Cities",124
"Biotechnology Institute and Department of Ecology, Evolution and Behavior, University of Minnesota",124
"BioTechnology Institute, Department of Microbiology, University of Minnesota",124
"BioTechnology Institute, Department of Biochemistry",124
"BioTechnology Institute and Department of Plant and Microbial Biology, University of Minnesota",124
"BioTechnology Institute, University of Minnesota-Twin Cities",124
"mRNA Regulation and Development, Institute of Human Genetics, UMR9002 CNRS-Univ Montpellier",296
"School of Biological Sciences, University of Nebraska",382
"Laboratory of Evolutionary Genetics, Institute of Biology, University of Neuchâtel",4970
"Institute of Biology, University of Neuchâtel",4970
"Modernizing Medical Microbiology Consortium, Nuffield Department of Clinical Medicine",123
"Centre for Tropical Medicine and Global Health, Nuffield Department of Medicine",123
"Centre for Tropical Medicine, Nuffield Department of Medicine",123
"Nuffield Department of Medicine, Nuffield Department of Medicine Research Building",123
"Cancer Epidemiology Unit, Nuffield Department of Population Health",123
Institute for Integrative Biology of the Cell (I2BC),880
"Department of Pathobiology, University of Pennsylvania School of Veterinary Medicine",20
Center for Causal Discovery,178
"Instituto de Investigação e Inovação em Saúde and Instituto de Biologia Molecular e Celular, Universidade do Porto. Porto",190
"Institute of Biochemistry and Biology, University of Potsdam",1317
"University of South Bohemia, Faculty of Science",4377
"Institut de Génétique et de Biologie Moléculaire et Cellulaire (IGBMC), CNRS (UMR 7104), Inserm U964, Université de Strasbourg",2723
"Centre National de la Recherche Scientifique, Université de Strasbourg, Institut des Neurosciences Cellulaires et Intégratives",2723
"CNRS UPR3212, Institut des Neurosciences Cellulaires et Intégratives",2723
"Department of Biological Sciences, University of Toronto Scarborough",9
"Institut de Pharmacologie et de Biologie Structurale (IPBS), Université de Toulouse, CNRS, UPS",325
"Institute of Biophysics, CNR Unit at Trento",611
"IRGB, CNR",611
"Istituto per lo Studio dei Materiali Nanostrutturati, CNR",611
"Istituto di Ricerca Genetica e Biomedica (IRGB), CNR",611
Vienna Graduate School of Population Genetics,1722
"Centre for Mechanochemical Cell Biology, Warwick Medical School",1602
University of Washington Department of Genome Sciences,152
Washington National Primate Research Center,152
"Institute of Pharmacology and Toxicology, University of Zurich",669
Neuroscience Center Zurich,669
Veterans Affairs Connecticut Healthcare System,2993
"Department of Biology, Valparaiso University",5018
"Department of Biomedical Informatics, Vanderbilt University Medical Center",3670
"Institute of Biotechnology, Vilnius University",3291
Virginia Tech Carilion Research Institute,259
"Department of Biological Psychology, Vrije Universiteit",399
VIB-VUB Center for Structural Biology,399
"Department of Experimental and Applied Psychology, Vrije Universiteit",399
"Department of Physiology and Pharmacology, Wake Forest School of Medicine",2184
"Department of Cancer Biology, Wake Forest School of Medicine",2184
"Department of Biochemistry, Wake Forest School of Medicine",2184
"Department of Neurobiology and Anatomy, Wake Forest School of Medicine",2184
Hope Center for Neurological Disorders,2096
The Bin Talal Bin Abdulaziz Alsaud Institute for Computational Biomedicine 1305 York Ave.,662
Burke Neurological Institute,662
"Department of Biochemistry, Schulich School of Medicine and Dentistry, Western University",558
Whitehead Institute,1797
Translational Cardiovascular Therapeutics William Harvey Research Institute,2771
International Healthcare Innovation Institute (Jiangmen),5927
"Department of Biological Sciences, Xi'an Jiaotong-Liverpool University",6241
"Department of Biology, Centre for Vision Research, York University",2423